file_name,aac,g3,urs,swope
madelon,0.8869047619047618,0.8246031746031746,0.9314814814814815,1.0
