file_name,top_k,aac,g3,urs,swope,mi
madelon,10,1.3173863000000003,1.2718984999999998,1.5066076000000002,18.0031732,3.1804065
